recorded_at_utc,summary_phase,cycle_number,session_asset,session_event_id,session_market_id,session_condition_id,session_title,session_slug,window_start_utc,window_end_utc,time_left,balance,cash,open_value,exposure,lifetime_buys,realized,unrealized,trades,market_max_alpha,avg_max_alpha,first_entry_rule,total_trades,avg_win_rate_per_trade,avg_trades_per_market,avg_buy_alpha,balance_std_dev,overall_return,return_per_market,return_per_day,this_market,start_ref,current_ref,sigma_per_sqrt_s,fair_up,cycle_duration,reconnects
2026-04-15T21:30:05.702264+00:00,finished,1,ethereum,379688,1985582,0x441a8a4d0e94e90bc319783b94563bd3eca307b1ca965a08ecd01eafeaf72b6a,"Ethereum Up or Down - April 15, 5:25PM-5:30PM ET",eth-updown-5m-1776288300,2026-04-15T21:25:00+00:00,2026-04-15T21:30:00+00:00,0s,$53.05,$53.05,$0.00,$0.00 / $3.00,$1.95 / $3.00,$3.05,$0.00,5,0.9894,0.9894,used,5,100.0%,5.00,+0.2013,$1.21,6.1%,6.1%,1755.0%,6.1%,2353.0400,2353.4950,0.126295,1.0000,4m 48s,0
2026-04-15T21:35:05.354447+00:00,finished,2,ethereum,379704,1985598,0x89622cabba028be3546a23a2527d618ce7e17920bd89ecc6fd734d85d5a26c20,"Ethereum Up or Down - April 15, 5:30PM-5:35PM ET",eth-updown-5m-1776288600,2026-04-15T21:30:00+00:00,2026-04-15T21:35:00+00:00,0s,$53.57,$53.57,$0.00,$0.00 / $3.00,$0.48 / $3.00,$0.52,$0.00,1,0.1442,0.5668,used,6,100.0%,3.00,+0.1904,$0.06,7.1%,3.5%,1019.9%,1.0%,2353.4950,2351.6650,0.133049,0.0000,4m 59s,0
2026-04-15T21:40:05.303692+00:00,finished,3,ethereum,379710,1985626,0xf4e190ebbe6e904a4872dd76b4a9618841a5626fc6bc4572295173b1dda1b970,"Ethereum Up or Down - April 15, 5:35PM-5:40PM ET",eth-updown-5m-1776288900,2026-04-15T21:35:00+00:00,2026-04-15T21:40:00+00:00,0s,$53.19,$53.19,$0.00,$0.00 / $3.00,$0.38 / $3.00,$-0.38,$0.00,2,0.2002,0.4446,used,8,75.0%,2.67,+0.1865,$0.00,6.4%,2.1%,612.1%,-0.7%,2351.6650,2359.6500,0.194740,1.0000,4m 58s,0
2026-04-15T21:45:05.378588+00:00,finished,4,ethereum,379715,1985633,0x7dc23264737af5cd3aea83134bdbe6ec4c5da7fdcb01ca679c5c75c8b4f7ef92,"Ethereum Up or Down - April 15, 5:40PM-5:45PM ET",eth-updown-5m-1776289200,2026-04-15T21:40:00+00:00,2026-04-15T21:45:00+00:00,0s,$52.82,$52.82,$0.00,$0.00 / $3.00,$0.38 / $3.00,$-0.38,$0.00,2,0.2008,0.3836,used,10,60.0%,2.50,+0.1801,$0.12,5.6%,1.4%,408.1%,-0.7%,2360.2450,2358.8000,0.205138,0.0000,4m 59s,0
2026-04-15T21:50:05.499632+00:00,finished,5,ethereum,379724,1985668,0x95acd134a82943c69a8b237ef668467c0b1f08a432fa7ec21547cbf1c0cc03bf,"Ethereum Up or Down - April 15, 5:45PM-5:50PM ET",eth-updown-5m-1776289500,2026-04-15T21:45:00+00:00,2026-04-15T21:50:00+00:00,0s,$53.19,$53.19,$0.00,$0.00 / $3.00,$0.62 / $3.00,$0.38,$0.00,1,0.1830,0.3435,used,11,63.6%,2.20,+0.1803,$0.04,6.4%,1.3%,367.4%,0.7%,2358.8000,2361.6350,0.159580,1.0000,4m 59s,0
2026-04-15T21:55:05.538036+00:00,finished,6,ethereum,379739,1985682,0xdc5e1df213183f94e8a0ef501ee8de717cbf4cb71ea7496058548b6c2986ca9d,"Ethereum Up or Down - April 15, 5:50PM-5:55PM ET",eth-updown-5m-1776289800,2026-04-15T21:50:00+00:00,2026-04-15T21:55:00+00:00,0s,$52.79,$52.79,$0.00,$0.00 / $3.00,$0.40 / $3.00,$-0.40,$0.00,2,0.2102,0.3213,used,13,53.8%,2.17,+0.1774,$0.09,5.6%,0.9%,270.2%,-0.7%,2361.6350,2362.7550,0.122843,1.0000,4m 59s,0
2026-04-15T22:00:05.293774+00:00,finished,7,ethereum,379779,1985773,0xacb73d14033141c9663dd02bcdc6e6997269a874ce107c64ca0ce8db25df01d0,"Ethereum Up or Down - April 15, 5:55PM-6:00PM ET",eth-updown-5m-1776290100,2026-04-15T21:55:00+00:00,2026-04-15T22:00:00+00:00,0s,$52.06,$52.06,$0.00,$0.00 / $3.00,$0.73 / $3.00,$-0.73,$0.00,2,0.2473,0.3107,used,15,46.7%,2.14,+0.1771,$0.04,4.1%,0.6%,174.8%,-1.4%,2362.7550,2361.4950,0.225341,0.0000,4m 58s,0
2026-04-15T22:05:05.464521+00:00,finished,8,ethereum,379835,1986397,0x71a441024b7b0973783339b165e95e7abde095b8b61430c298a3c9ff2b5463e1,"Ethereum Up or Down - April 15, 6:00PM-6:05PM ET",eth-updown-5m-1776290400,2026-04-15T22:00:00+00:00,2026-04-15T22:05:00+00:00,0s,$51.79,$51.79,$0.00,$0.00 / $3.00,$0.27 / $3.00,$-0.27,$0.00,1,0.1917,0.2958,used,16,43.8%,2.00,+0.1737,$0.00,3.6%,0.5%,134.2%,-0.5%,2361.4950,2370.4150,0.354122,1.0000,4m 59s,0
2026-04-15T22:10:05.236805+00:00,finished,9,ethereum,379848,1986436,0xd6c4dc52c3278347d8f7ace36aa8c2ecb282659280353eff910cbff379c96efc,"Ethereum Up or Down - April 15, 6:05PM-6:10PM ET",eth-updown-5m-1776290700,2026-04-15T22:05:00+00:00,2026-04-15T22:10:00+00:00,0s,$55.17,$55.17,$0.00,$0.00 / $3.00,$1.63 / $3.00,$3.37,$0.00,5,0.3554,0.3025,used,21,57.1%,2.33,+0.1807,$1.11,10.3%,1.1%,327.7%,6.5%,2370.8550,2378.8850,0.337275,1.0000,4m 59s,0
2026-04-15T22:15:05.302897+00:00,finished,10,ethereum,379861,1986448,0xb09ea7b88af5e67bd14671c036f852e7db6edcd7eef9656300647b78601e70c1,"Ethereum Up or Down - April 15, 6:10PM-6:15PM ET",eth-updown-5m-1776291000,2026-04-15T22:10:00+00:00,2026-04-15T22:15:00+00:00,0s,$54.22,$54.22,$0.00,$0.00 / $3.00,$0.94 / $3.00,$-0.94,$0.00,5,0.2242,0.2946,used,26,46.2%,2.60,+0.1834,$0.06,8.4%,0.9%,245.7%,-1.7%,2378.5600,2374.3450,0.250048,0.0000,4m 59s,0
2026-04-15T22:20:05.134149+00:00,finished,11,ethereum,379874,1986502,0xff43718b9ab6ab0fc3ff02faae47c267cc17a12fa3fc0a81eb1dca29c5232bfe,"Ethereum Up or Down - April 15, 6:15PM-6:20PM ET",eth-updown-5m-1776291300,2026-04-15T22:15:00+00:00,2026-04-15T22:20:00+00:00,0s,$54.22,$54.22,$0.00,$0.00 / $3.00,$0.00 / $3.00,$0.00,$0.00,0,0.0705,0.2743,armed,26,46.2%,2.36,+0.1834,$0.00,8.4%,0.8%,223.4%,0.0%,2374.2750,2366.5950,0.240634,0.0000,4m 58s,0
2026-04-15T22:25:05.198324+00:00,finished,12,ethereum,379879,1986511,0xf57de427298554683fca533ae168be520ade1e7ba606bfa0e7f6532f3dd3d61e,"Ethereum Up or Down - April 15, 6:20PM-6:25PM ET",eth-updown-5m-1776291600,2026-04-15T22:20:00+00:00,2026-04-15T22:25:00+00:00,0s,$54.22,$54.22,$0.00,$0.00 / $3.00,$0.00 / $3.00,$0.00,$0.00,0,0.0403,0.2548,armed,26,46.2%,2.17,+0.1834,$0.00,8.4%,0.7%,204.7%,0.0%,2366.5950,2370.5700,0.189079,1.0000,4m 59s,0
2026-04-15T22:30:05.127881+00:00,finished,13,ethereum,379890,1986535,0xb817703276e5bd28da95c73212a3ce923707de3d61ac4cc4693be04a1a0bffdf,"Ethereum Up or Down - April 15, 6:25PM-6:30PM ET",eth-updown-5m-1776291900,2026-04-15T22:25:00+00:00,2026-04-15T22:30:00+00:00,0s,$52.16,$52.16,$0.00,$0.00 / $3.00,$2.07 / $3.00,$-2.06,$0.00,6,0.3604,0.2629,used,32,38.7%,2.46,+0.1862,$1.28,4.3%,0.4%,104.8%,-3.8%,2370.5550,2368.4450,0.116355,0.0000,4m 59s,0
2026-04-15T22:35:05.181107+00:00,finished,14,ethereum,379906,1986555,0x0161487c64b79231feefa63b9e38c3b18e2e13a9c16778fd4daa6423c2d3337e,"Ethereum Up or Down - April 15, 6:30PM-6:35PM ET",eth-updown-5m-1776292200,2026-04-15T22:30:00+00:00,2026-04-15T22:35:00+00:00,0s,$49.63,$49.63,$0.00,$0.00 / $3.00,$2.53 / $3.00,$-2.53,$0.00,5,0.8164,0.3024,used,37,33.3%,2.64,+0.1904,$0.84,-0.7%,-0.0%,-2.4%,-4.8%,2368.3150,2368.0200,0.157036,0.0000,4m 59s,0
2026-04-15T22:40:05.172431+00:00,finished,15,ethereum,379912,1986587,0x347acc4824bac12266b6675e52982c209e00467519e3b2c92a6fb898164b69ac,"Ethereum Up or Down - April 15, 6:35PM-6:40PM ET",eth-updown-5m-1776292500,2026-04-15T22:35:00+00:00,2026-04-15T22:40:00+00:00,0s,$51.59,$51.59,$0.00,$0.00 / $3.00,$0.88 / $3.00,$1.96,$0.00,4,0.3139,0.3032,used,41,38.5%,2.73,+0.1894,$0.87,3.2%,0.3%,73.6%,4.0%,2368.1950,2374.6550,0.350035,1.0000,4m 58s,0
2026-04-15T22:45:05.177829+00:00,finished,16,ethereum,379921,1986597,0xc81d3e1710b3b15c88cf9a817d293765f3cbbab336c9d9f18052f1b597b2b5df,"Ethereum Up or Down - April 15, 6:40PM-6:45PM ET",eth-updown-5m-1776292800,2026-04-15T22:40:00+00:00,2026-04-15T22:45:00+00:00,0s,$50.79,$50.79,$0.00,$0.00 / $3.00,$0.80 / $3.00,$-0.80,$0.00,3,0.2177,0.2978,used,44,35.7%,2.75,+0.1898,$0.02,1.6%,0.1%,41.0%,-1.6%,2374.5050,2369.1550,0.178562,0.0000,4m 59s,0
2026-04-15T22:50:05.161161+00:00,finished,17,ethereum,379926,1986603,0xd7bdd349aca31df4e9e723d861bf79a31fcaf288148ca9b695fe73ae89700ec6,"Ethereum Up or Down - April 15, 6:45PM-6:50PM ET",eth-updown-5m-1776293100,2026-04-15T22:45:00+00:00,2026-04-15T22:50:00+00:00,0s,$52.61,$52.61,$0.00,$0.00 / $3.00,$2.93 / $3.00,$1.82,$0.00,6,0.2805,0.2968,used,50,42.6%,2.94,+0.1914,$0.06,5.2%,0.3%,99.4%,3.6%,2369.1550,2372.1100,0.155433,1.0000,4m 58s,0
2026-04-15T22:55:05.411823+00:00,finished,18,ethereum,379945,1986626,0x52a4d5bb44f2481ccfe457bf77278e4d27fab5a7e68b64d7c24bec67e055e052,"Ethereum Up or Down - April 15, 6:50PM-6:55PM ET",eth-updown-5m-1776293400,2026-04-15T22:50:00+00:00,2026-04-15T22:55:00+00:00,0s,$51.07,$51.07,$0.00,$0.00 / $3.00,$1.55 / $3.00,$-1.54,$0.00,6,0.5163,0.3090,used,56,38.5%,3.11,+0.1937,$0.60,2.1%,0.2%,46.9%,-2.9%,2372.3150,2371.1400,0.149275,0.0000,4m 59s,0
2026-04-15T23:00:05.251804+00:00,finished,19,ethereum,379953,1986640,0xb22852bc64ac20fda08abb8442ca23b42402ee9c1ac50cbe24d8bc5fc178b65e,"Ethereum Up or Down - April 15, 6:55PM-7:00PM ET",eth-updown-5m-1776293700,2026-04-15T22:55:00+00:00,2026-04-15T23:00:00+00:00,0s,$50.90,$50.90,$0.00,$0.00 / $3.00,$0.17 / $3.00,$-0.17,$0.00,1,0.1567,0.3010,used,57,37.7%,3.00,+0.1924,$0.00,1.8%,0.1%,39.4%,-0.3%,2371.1750,2363.9850,0.219757,0.0000,4m 59s,0
2026-04-15T23:05:05.220540+00:00,finished,20,ethereum,379966,1986695,0x3ce7fb11ddab59e0f75effd545ee0af000b74595c7b7cac3483636f15644f9ec,"Ethereum Up or Down - April 15, 7:00PM-7:05PM ET",eth-updown-5m-1776294000,2026-04-15T23:00:00+00:00,2026-04-15T23:05:00+00:00,0s,$50.90,$50.90,$0.00,$0.00 / $3.00,$0.00 / $3.00,$0.00,$0.00,0,0.2743,0.2997,armed,57,37.7%,2.85,+0.1924,$0.00,1.8%,0.1%,37.4%,0.0%,2364.0250,2360.4350,0.177667,0.0000,4m 59s,0
2026-04-15T23:10:05.207804+00:00,finished,21,ethereum,379979,1986719,0xa3116b18d5ee9be9ba937ff0569d2e1467ee4f0c64e2b5c51fe2516cfb141240,"Ethereum Up or Down - April 15, 7:05PM-7:10PM ET",eth-updown-5m-1776294300,2026-04-15T23:05:00+00:00,2026-04-15T23:10:00+00:00,0s,$48.74,$48.74,$0.00,$0.00 / $3.00,$2.16 / $3.00,$-2.16,$0.00,5,0.9894,0.3325,used,62,34.5%,2.95,+0.1925,$0.86,-2.5%,-0.1%,-22.6%,-4.2%,2360.3450,2360.2850,0.171551,0.0000,4m 59s,0
2026-04-15T23:15:05.200816+00:00,finished,22,ethereum,379988,1986734,0x8831fe64dc13d2ccfccc4b51ebac58444a1942227275a6abc33f46a78b862f1e,"Ethereum Up or Down - April 15, 7:10PM-7:15PM ET",eth-updown-5m-1776294600,2026-04-15T23:10:00+00:00,2026-04-15T23:15:00+00:00,0s,$48.74,$48.74,$0.00,$0.00 / $3.00,$0.00 / $3.00,$0.00,$0.00,0,0.0998,0.3219,armed,62,34.5%,2.82,+0.1925,$0.00,-2.5%,-0.1%,-21.5%,0.0%,2360.2850,2354.7650,0.235809,0.0000,4m 59s,0
2026-04-15T23:20:05.135322+00:00,finished,23,ethereum,379996,1986771,0xfdf401d80f8c501d23424b7449d2b23215bbbd4a3ed2bc61b9eaadb25df913f1,"Ethereum Up or Down - April 15, 7:15PM-7:20PM ET",eth-updown-5m-1776294900,2026-04-15T23:15:00+00:00,2026-04-15T23:20:00+00:00,0s,$53.22,$53.22,$0.00,$0.00 / $3.00,$0.52 / $3.00,$4.48,$0.00,5,0.9989,0.3514,used,67,39.7%,2.91,+0.2043,$2.02,6.4%,0.3%,94.6%,9.2%,2352.6750,2353.4150,0.249802,1.0000,4m 58s,0
2026-04-15T23:25:10.162296+00:00,finished,24,ethereum,380009,1986787,0x5ad493ffd1d3e375e9b018354b12ce057a83439cf89ca83b29a4db9a3d8a62e2,"Ethereum Up or Down - April 15, 7:20PM-7:25PM ET",eth-updown-5m-1776295200,2026-04-15T23:20:00+00:00,2026-04-15T23:25:00+00:00,0s,$52.29,$52.29,$0.00,$0.00 / $3.00,$1.77 / $3.00,$-0.93,$0.00,6,0.3211,0.3501,used,73,38.2%,3.04,+0.2066,$1.00,4.6%,0.2%,69.6%,-1.8%,2353.3350,2353.6050,0.160480,1.0000,5m 04s,0
2026-04-15T23:30:05.153056+00:00,finished,25,ethereum,380035,1986873,0x85b56f849af881055bb889e1418a755aed361b1f6ba1a60c4b69f96230a2def3,"Ethereum Up or Down - April 15, 7:25PM-7:30PM ET",eth-updown-5m-1776295500,2026-04-15T23:25:00+00:00,2026-04-15T23:30:00+00:00,0s,$51.90,$51.90,$0.00,$0.00 / $3.00,$0.38 / $3.00,$-0.38,$0.00,1,0.1685,0.3428,used,74,37.7%,2.96,+0.2061,$0.02,3.8%,0.2%,58.3%,-0.7%,2353.9450,2356.5150,0.116965,1.0000,4m 54s,1
2026-04-15T23:35:05.355895+00:00,finished,26,ethereum,380040,1986880,0xbfc2ffd85883521e754e199ad42722b51bab4f772193f17ba2a9d095f0f2db28,"Ethereum Up or Down - April 15, 7:30PM-7:35PM ET",eth-updown-5m-1776295800,2026-04-15T23:30:00+00:00,2026-04-15T23:35:00+00:00,0s,$52.55,$52.55,$0.00,$0.00 / $3.00,$0.35 / $3.00,$0.65,$0.00,1,0.1581,0.3357,used,75,38.6%,2.88,+0.2047,$0.12,5.1%,0.2%,69.9%,1.2%,2356.5150,2354.8100,0.143002,0.0000,5m 00s,0
2026-04-15T23:40:05.435032+00:00,finished,27,ethereum,380058,1986980,0xc922abf2b60ba418a58159851cdabaac3eb1786f6dbdec2c3b9d285ba1a409f1,"Ethereum Up or Down - April 15, 7:35PM-7:40PM ET",eth-updown-5m-1776296100,2026-04-15T23:35:00+00:00,2026-04-15T23:40:00+00:00,0s,$52.33,$52.33,$0.00,$0.00 / $3.00,$0.22 / $3.00,$-0.22,$0.00,1,0.2191,0.3314,used,76,38.0%,2.81,+0.2038,$0.06,4.7%,0.2%,62.8%,-0.4%,2354.7750,2352.1450,0.176345,0.0000,4m 58s,0
2026-04-15T23:45:05.396168+00:00,finished,28,ethereum,380065,1987000,0xffc782d1cddda19b4f3ee0d7e2c0be7fa9d68d1531e5018bd477a0750facdef8,"Ethereum Up or Down - April 15, 7:40PM-7:45PM ET",eth-updown-5m-1776296400,2026-04-15T23:40:00+00:00,2026-04-15T23:45:00+00:00,0s,$51.86,$51.86,$0.00,$0.00 / $3.00,$0.47 / $3.00,$-0.47,$0.00,1,0.2443,0.3283,used,77,37.5%,2.75,+0.2026,$0.02,3.7%,0.2%,51.4%,-0.9%,2352.1450,2354.2150,0.126477,1.0000,4m 59s,0
2026-04-15T23:50:05.418283+00:00,finished,29,ethereum,380085,1987106,0x419e8286719d2d7955813886656eae4faf9bbe5524903937a25ba22e4e162dc6,"Ethereum Up or Down - April 15, 7:45PM-7:50PM ET",eth-updown-5m-1776296700,2026-04-15T23:45:00+00:00,2026-04-15T23:50:00+00:00,0s,$52.33,$52.33,$0.00,$0.00 / $3.00,$0.54 / $3.00,$0.46,$0.00,1,0.1275,0.3214,used,78,38.4%,2.69,+0.2015,$0.02,4.7%,0.2%,58.5%,0.9%,2354.0450,2358.1750,0.148047,1.0000,4m 58s,0
2026-04-15T23:55:05.219290+00:00,finished,30,ethereum,380089,1987118,0x2a4d57ddeb203c83e9c836f6f4500d064b53f6d5f31a667c9741c4cc57f2e030,"Ethereum Up or Down - April 15, 7:50PM-7:55PM ET",eth-updown-5m-1776297000,2026-04-15T23:50:00+00:00,2026-04-15T23:55:00+00:00,0s,$52.33,$52.33,$0.00,$0.00 / $3.00,$0.00 / $3.00,$0.00,$0.00,0,0.0938,0.3138,armed,78,38.4%,2.60,+0.2015,$0.00,4.7%,0.2%,56.6%,0.0%,2358.3550,2360.4500,0.144029,1.0000,4m 59s,0
2026-04-16T00:00:05.409802+00:00,finished,31,ethereum,380108,1987175,0xa2ef522f883c18fccb0dc4d907b45f4d4074508012b4d2548e8cc85ad20e6425,"Ethereum Up or Down - April 15, 7:55PM-8:00PM ET",eth-updown-5m-1776297300,2026-04-15T23:55:00+00:00,2026-04-16T00:00:00+00:00,0s,$55.36,$55.36,$0.00,$0.00 / $3.00,$1.97 / $3.00,$3.03,$0.00,5,0.7713,0.3285,used,83,42.3%,2.68,+0.2010,$1.13,10.7%,0.4%,108.5%,5.8%,2359.6500,2360.2550,0.143181,1.0000,4m 59s,0
2026-04-16T00:05:05.229908+00:00,finished,32,ethereum,380119,1987217,0x0dc313cac06f500ec35bc6ff32478d909b201a7466ba8909e6ded528226b96bb,"Ethereum Up or Down - April 15, 8:00PM-8:05PM ET",eth-updown-5m-1776297600,2026-04-16T00:00:00+00:00,2026-04-16T00:05:00+00:00,0s,$54.83,$54.83,$0.00,$0.00 / $3.00,$0.53 / $3.00,$-0.53,$0.00,1,0.1768,0.3238,used,84,41.8%,2.62,+0.1997,$0.01,9.7%,0.3%,96.6%,-0.9%,2360.2400,2353.3150,0.149448,0.0000,4m 59s,0
2026-04-16T00:10:05.275821+00:00,finished,33,ethereum,380133,1987241,0x59e717ecdec7a8fca363b8931cd02e09de5ddcf0936ebeb3a5852915c052a788,"Ethereum Up or Down - April 15, 8:05PM-8:10PM ET",eth-updown-5m-1776297900,2026-04-16T00:05:00+00:00,2026-04-16T00:10:00+00:00,0s,$53.22,$53.22,$0.00,$0.00 / $3.00,$1.61 / $3.00,$-1.61,$0.00,5,0.3807,0.3255,used,89,39.3%,2.70,+0.2002,$0.83,6.4%,0.2%,68.0%,-2.9%,2353.3150,2354.4850,0.135668,1.0000,4m 59s,0
2026-04-16T00:15:05.225131+00:00,finished,34,ethereum,380140,1987257,0x0b965d4883a4fc3be7b0e5e96b48781afb35323c4c8d1af7d89d84251895666f,"Ethereum Up or Down - April 15, 8:10PM-8:15PM ET",eth-updown-5m-1776298200,2026-04-16T00:10:00+00:00,2026-04-16T00:15:00+00:00,0s,$57.05,$57.05,$0.00,$0.00 / $3.00,$1.17 / $3.00,$3.83,$0.00,5,0.9894,0.3451,used,94,42.7%,2.76,+0.1996,$1.32,14.1%,0.4%,126.9%,7.2%,2354.4850,2354.3250,0.164866,0.0000,4m 59s,0
2026-04-16T00:20:05.363087+00:00,finished,35,ethereum,380151,1987297,0xce261a904737f04aa2fb89a417fc6333e4c2b383fdd778e078966c376bab9469,"Ethereum Up or Down - April 15, 8:15PM-8:20PM ET",eth-updown-5m-1776298500,2026-04-16T00:15:00+00:00,2026-04-16T00:20:00+00:00,0s,$60.17,$60.17,$0.00,$0.00 / $3.00,$1.88 / $3.00,$3.12,$0.00,5,0.8185,0.3586,used,99,45.7%,2.83,+0.2005,$0.79,20.3%,0.6%,168.3%,5.5%,2354.1650,2353.3250,0.164117,0.0000,4m 59s,0
2026-04-16T00:25:05.379103+00:00,finished,36,ethereum,380163,1987312,0xe38a9100bf6a0a4c62943c841753e61a447b909a0b436014552e0d898dd67506,"Ethereum Up or Down - April 15, 8:20PM-8:25PM ET",eth-updown-5m-1776298800,2026-04-16T00:20:00+00:00,2026-04-16T00:25:00+00:00,0s,$59.22,$59.22,$0.00,$0.00 / $3.00,$0.95 / $3.00,$-0.95,$0.00,5,0.4000,0.3597,used,104,43.4%,2.89,+0.1998,$0.42,18.4%,0.5%,151.0%,-1.6%,2353.1550,2353.0550,0.216321,0.0000,4m 59s,0
2026-04-16T00:30:05.236528+00:00,finished,37,ethereum,380169,1987329,0xead3e8e7832262fe0ad67ab662ca5cf4a24feedb024c5f67bad9aa349e6f346b,"Ethereum Up or Down - April 15, 8:25PM-8:30PM ET",eth-updown-5m-1776299100,2026-04-16T00:25:00+00:00,2026-04-16T00:30:00+00:00,0s,$56.67,$56.67,$0.00,$0.00 / $3.00,$2.56 / $3.00,$-2.55,$0.00,6,0.2895,0.3578,used,110,41.3%,2.97,+0.2002,$0.21,13.3%,0.4%,113.4%,-4.3%,2353.0850,2356.2750,0.159464,1.0000,4m 59s,0
2026-04-16T00:35:05.282718+00:00,finished,38,ethereum,380173,1987336,0x89299de933907bbafec726d11ccc497163a231ce9000a358e3a8a12aa7baf24c,"Ethereum Up or Down - April 15, 8:30PM-8:35PM ET",eth-updown-5m-1776299400,2026-04-16T00:30:00+00:00,2026-04-16T00:35:00+00:00,0s,$56.13,$56.13,$0.00,$0.00 / $3.00,$0.54 / $3.00,$-0.54,$0.00,3,0.2470,0.3549,used,113,40.2%,2.97,+0.2004,$0.00,12.3%,0.4%,103.2%,-0.9%,2356.2750,2362.4350,0.231448,1.0000,4m 59s,0
2026-04-16T00:40:05.215413+00:00,finished,39,ethereum,380189,1987376,0x06d1150b248cfc34a98989cac73667da626b41a06f33899aa7e6470be1961405,"Ethereum Up or Down - April 15, 8:35PM-8:40PM ET",eth-updown-5m-1776299700,2026-04-16T00:35:00+00:00,2026-04-16T00:40:00+00:00,0s,$54.42,$54.42,$0.00,$0.00 / $3.00,$1.71 / $3.00,$-1.71,$0.00,5,0.2678,0.3527,used,118,38.4%,3.03,+0.1998,$0.14,8.8%,0.3%,78.1%,-3.0%,2362.4600,2359.5250,0.160814,0.0000,4m 59s,0
2026-04-16T00:45:05.310037+00:00,finished,40,ethereum,380199,1987393,0x8f2297ee9cf89b98d5dd13454d27496e87bcec9e7268588aeb2622b540dd8ca2,"Ethereum Up or Down - April 15, 8:40PM-8:45PM ET",eth-updown-5m-1776300000,2026-04-16T00:40:00+00:00,2026-04-16T00:45:00+00:00,0s,$58.57,$58.57,$0.00,$0.00 / $3.00,$0.85 / $3.00,$4.15,$0.00,5,0.9894,0.3686,used,123,41.0%,3.08,+0.2054,$1.12,17.1%,0.5%,131.1%,7.6%,2359.5250,2358.7850,0.167178,0.0000,4m 59s,0
2026-04-16T00:50:05.221945+00:00,finished,41,ethereum,380208,1987413,0xc47389fa893646439bd7718d7109a1c66c796177f6c008a213f8fdc26879e6ef,"Ethereum Up or Down - April 15, 8:45PM-8:50PM ET",eth-updown-5m-1776300300,2026-04-16T00:45:00+00:00,2026-04-16T00:50:00+00:00,0s,$61.81,$61.81,$0.00,$0.00 / $3.00,$1.76 / $3.00,$3.24,$0.00,5,0.9894,0.3837,used,128,43.4%,3.12,+0.2050,$1.29,23.6%,0.6%,166.7%,5.5%,2358.5450,2360.6450,0.148769,1.0000,4m 58s,0
2026-04-16T00:55:05.127722+00:00,finished,42,ethereum,380223,1987430,0xc3ee18a847f043eaae18d7655b5c575ccdf838ea3cb719b30a411b2e620358b7,"Ethereum Up or Down - April 15, 8:50PM-8:55PM ET",eth-updown-5m-1776300600,2026-04-16T00:50:00+00:00,2026-04-16T00:55:00+00:00,0s,$65.43,$65.43,$0.00,$0.00 / $3.00,$1.38 / $3.00,$3.62,$0.00,5,0.9894,0.3982,used,133,45.7%,3.17,+0.2081,$1.21,30.9%,0.7%,202.9%,5.9%,2361.0750,2359.0650,0.143834,0.0000,4m 59s,0
2026-04-16T01:00:05.228341+00:00,finished,43,ethereum,380236,1987614,0xb2312a81edc41322abc20fd6d6e1a3f30c717b930657848ec5d8d6b284b0ab50,"Ethereum Up or Down - April 15, 8:55PM-9:00PM ET",eth-updown-5m-1776300900,2026-04-16T00:55:00+00:00,2026-04-16T01:00:00+00:00,0s,$67.49,$67.49,$0.00,$0.00 / $3.00,$1.94 / $3.00,$2.06,$0.00,4,0.2279,0.3942,used,137,47.3%,3.19,+0.2074,$0.16,35.0%,0.8%,219.3%,3.1%,2359.0650,2360.4750,0.097402,1.0000,4m 58s,0
2026-04-16T01:05:05.212817+00:00,finished,44,ethereum,380240,1987656,0xe6fca53eaaa0943eb607d71fbcfc1916bde726a26871358356e2267d6c74fc04,"Ethereum Up or Down - April 15, 9:00PM-9:05PM ET",eth-updown-5m-1776301200,2026-04-16T01:00:00+00:00,2026-04-16T01:05:00+00:00,0s,$67.15,$67.15,$0.00,$0.00 / $3.00,$0.34 / $3.00,$-0.34,$0.00,1,0.2177,0.3902,used,138,47.0%,3.14,+0.2072,$0.00,34.3%,0.7%,210.9%,-0.5%,2360.0750,2355.9250,0.196222,0.0000,4m 59s,0
2026-04-16T01:10:05.245024+00:00,finished,45,ethereum,380256,1987684,0xa2090f250ee86ddee5e671dafc8e43b9f1ce7bfd23afab4c1c8fcc5408bf1e8f,"Ethereum Up or Down - April 15, 9:05PM-9:10PM ET",eth-updown-5m-1776301500,2026-04-16T01:05:00+00:00,2026-04-16T01:10:00+00:00,0s,$67.12,$67.12,$0.00,$0.00 / $3.00,$0.03 / $3.00,$-0.03,$0.00,1,0.1631,0.3851,used,139,46.6%,3.09,+0.2064,$0.01,34.2%,0.7%,206.0%,-0.0%,2355.9250,2351.6350,0.309425,0.0000,4m 59s,0
2026-04-16T01:15:05.202729+00:00,finished,46,ethereum,380265,1987695,0x5ffa4e88f8f81d957cb73236f0eeec60517be0137a376d63207eee32d12eb392,"Ethereum Up or Down - April 15, 9:10PM-9:15PM ET",eth-updown-5m-1776301800,2026-04-16T01:10:00+00:00,2026-04-16T01:15:00+00:00,0s,$67.56,$67.56,$0.00,$0.00 / $3.00,$0.56 / $3.00,$0.44,$0.00,1,0.1946,0.3810,used,140,47.0%,3.04,+0.2057,$0.07,35.1%,0.7%,205.6%,0.7%,2351.6650,2351.0400,0.157281,0.0000,4m 59s,0
2026-04-16T01:20:05.226712+00:00,finished,47,ethereum,380267,1987719,0xfb7e823231382b569a597d1f56dcaad08ee20e56d2bd447137bc39ccf6cac7e9,"Ethereum Up or Down - April 15, 9:15PM-9:20PM ET",eth-updown-5m-1776302100,2026-04-16T01:15:00+00:00,2026-04-16T01:20:00+00:00,0s,$67.08,$67.08,$0.00,$0.00 / $3.00,$0.49 / $3.00,$-0.49,$0.00,1,0.1497,0.3761,used,141,46.7%,3.00,+0.2050,$0.07,34.2%,0.7%,196.8%,-0.7%,2351.1150,2354.1250,0.136088,1.0000,4m 59s,0
2026-04-16T01:25:05.463795+00:00,finished,48,ethereum,380283,1987739,0x258a5758dee6fb55ebee5abd54e9011688fd4134aad61e50006cdd2fc90d1d62,"Ethereum Up or Down - April 15, 9:20PM-9:25PM ET",eth-updown-5m-1776302400,2026-04-16T01:20:00+00:00,2026-04-16T01:25:00+00:00,0s,$70.82,$70.82,$0.00,$0.00 / $3.00,$1.25 / $3.00,$3.75,$0.00,5,0.3182,0.3749,used,146,48.6%,3.04,+0.2046,$1.55,41.6%,0.8%,226.2%,5.6%,2354.3050,2351.1650,0.163459,0.0000,5m 00s,0
2026-04-16T01:30:05.201514+00:00,finished,49,ethereum,380288,1987745,0xed969673b506dbb5c8a50e52122a11418ac4fc77c37909cb80a9d19186d66ee1,"Ethereum Up or Down - April 15, 9:25PM-9:30PM ET",eth-updown-5m-1776302700,2026-04-16T01:25:00+00:00,2026-04-16T01:30:00+00:00,0s,$73.97,$73.97,$0.00,$0.00 / $3.00,$1.85 / $3.00,$3.15,$0.00,5,0.2794,0.3729,used,151,50.3%,3.08,+0.2044,$1.27,47.9%,0.9%,247.8%,4.4%,2350.9850,2351.6650,0.141616,1.0000,4m 58s,0
2026-04-16T01:35:05.339878+00:00,finished,50,ethereum,380296,1987753,0xbbcac6d7ebfccc77f35449e0ba325fd916bd386a17f5bc777816bd59211db94a,"Ethereum Up or Down - April 15, 9:30PM-9:35PM ET",eth-updown-5m-1776303000,2026-04-16T01:30:00+00:00,2026-04-16T01:35:00+00:00,0s,$74.53,$74.53,$0.00,$0.00 / $3.00,$0.45 / $3.00,$0.55,$0.00,1,0.1862,0.3692,used,152,50.7%,3.04,+0.2038,$0.07,49.1%,0.9%,247.1%,0.7%,2351.6900,2354.8550,0.158259,1.0000,4m 59s,0
2026-04-16T01:40:05.223665+00:00,finished,51,ethereum,380312,1987793,0x6960cfab889c5a7dfd576bb20d64dc9b4efb6f245d70c42c6b126b466935057e,"Ethereum Up or Down - April 15, 9:35PM-9:40PM ET",eth-updown-5m-1776303300,2026-04-16T01:35:00+00:00,2026-04-16T01:40:00+00:00,0s,$73.38,$73.38,$0.00,$0.00 / $3.00,$1.16 / $3.00,$-1.14,$0.00,6,0.3314,0.3685,used,158,49.0%,3.10,+0.2036,$0.49,46.8%,0.8%,233.6%,-1.5%,2354.5850,2352.7750,0.141151,0.0000,4m 58s,0
2026-04-16T01:45:05.472655+00:00,finished,52,ethereum,380323,1987809,0x3255ecb5d1ff613306284e252c3d66be2f337d768ad1ee8bc1488719e9bf07f5,"Ethereum Up or Down - April 15, 9:40PM-9:45PM ET",eth-updown-5m-1776303600,2026-04-16T01:40:00+00:00,2026-04-16T01:45:00+00:00,0s,$74.79,$74.79,$0.00,$0.00 / $3.00,$1.59 / $3.00,$1.41,$0.00,3,0.2070,0.3653,used,161,50.0%,3.10,+0.2030,$0.08,49.6%,0.8%,239.7%,1.9%,2352.7350,2355.1250,0.124584,1.0000,5m 00s,0
2026-04-16T01:50:05.223919+00:00,finished,53,ethereum,380332,1987820,0x8ad8b3df56d87cb669cb3d89cc74454b2f0b3131fa4a455ed21a01dd879d1654,"Ethereum Up or Down - April 15, 9:45PM-9:50PM ET",eth-updown-5m-1776303900,2026-04-16T01:45:00+00:00,2026-04-16T01:50:00+00:00,0s,$78.63,$78.63,$0.00,$0.00 / $3.00,$1.16 / $3.00,$3.84,$0.00,5,0.3589,0.3652,used,166,51.6%,3.13,+0.2026,$1.34,57.3%,0.9%,263.1%,5.1%,2354.7350,2355.8350,0.132221,1.0000,4m 58s,0
2026-04-16T01:55:05.198886+00:00,finished,54,ethereum,380344,1987833,0x78cc649ac9e7ace0a02067cfb2578a48f11366379f9b0eb89b1ad1611c49f2e4,"Ethereum Up or Down - April 15, 9:50PM-9:55PM ET",eth-updown-5m-1776304200,2026-04-16T01:50:00+00:00,2026-04-16T01:55:00+00:00,0s,$78.23,$78.23,$0.00,$0.00 / $3.00,$0.39 / $3.00,$-0.39,$0.00,1,0.1817,0.3618,used,167,51.2%,3.09,+0.2021,$0.03,56.5%,0.9%,255.6%,-0.5%,2355.8350,2352.9950,0.128354,0.0000,4m 59s,0
2026-04-16T02:00:05.205959+00:00,finished,55,ethereum,380355,1987848,0x1d429c49b9cca980e52aec6a063106db8d498033798230deee43cfb17bfa8caf,"Ethereum Up or Down - April 15, 9:55PM-10:00PM ET",eth-updown-5m-1776304500,2026-04-16T01:55:00+00:00,2026-04-16T02:00:00+00:00,0s,$80.02,$80.02,$0.00,$0.00 / $3.00,$0.21 / $3.00,$1.79,$0.00,2,0.9788,0.3730,used,169,51.9%,3.07,+0.2063,$0.35,60.0%,0.9%,262.9%,2.3%,2352.9950,2353.0450,0.151220,1.0000,4m 59s,0
2026-04-16T02:05:05.285920+00:00,finished,56,ethereum,380365,1987890,0x28d43bfabafbb701ec3cf230850ac852b14abf9327821ee17e113c1ebf35a7d8,"Ethereum Up or Down - April 15, 10:00PM-10:05PM ET",eth-updown-5m-1776304800,2026-04-16T02:00:00+00:00,2026-04-16T02:05:00+00:00,0s,$79.75,$79.75,$0.00,$0.00 / $3.00,$0.27 / $3.00,$-0.27,$0.00,1,0.1589,0.3692,used,170,51.5%,3.04,+0.2057,$0.02,59.5%,0.9%,256.5%,-0.3%,2352.7850,2355.8850,0.189677,1.0000,4m 59s,0
2026-04-16T02:10:05.334562+00:00,finished,57,ethereum,380377,1987905,0x6430971b01797cadc7bb8f049710b1bda7d7ec267ac0a952f9f592bbfedea622,"Ethereum Up or Down - April 15, 10:05PM-10:10PM ET",eth-updown-5m-1776305100,2026-04-16T02:05:00+00:00,2026-04-16T02:10:00+00:00,0s,$79.92,$79.92,$0.00,$0.00 / $3.00,$0.83 / $3.00,$0.17,$0.00,1,0.1493,0.3654,used,171,51.8%,3.00,+0.2051,$0.07,59.8%,0.9%,253.0%,0.2%,2355.8850,2352.8650,0.135413,0.0000,4m 58s,0
2026-04-16T02:15:05.189726+00:00,finished,58,ethereum,380387,1987915,0xe2c232c317ccbf75f6632d0b928c74962a3e93dec828c6243f6f6e7aca9148dd,"Ethereum Up or Down - April 15, 10:10PM-10:15PM ET",eth-updown-5m-1776305400,2026-04-16T02:10:00+00:00,2026-04-16T02:15:00+00:00,0s,$84.00,$84.00,$0.00,$0.00 / $3.00,$0.91 / $3.00,$4.08,$0.00,6,0.9894,0.3761,used,177,53.3%,3.05,+0.2140,$0.81,68.0%,1.0%,274.0%,5.1%,2352.8650,2351.1200,0.146892,0.0000,4m 59s,0
2026-04-16T02:20:05.210696+00:00,finished,59,ethereum,380391,1987935,0x88c310d506cecd46c8efe127fa9212978e43174c8f9530c36cd472db7e2375da,"Ethereum Up or Down - April 15, 10:15PM-10:20PM ET",eth-updown-5m-1776305700,2026-04-16T02:15:00+00:00,2026-04-16T02:20:00+00:00,0s,$81.88,$81.88,$0.00,$0.00 / $3.00,$2.12 / $3.00,$-2.12,$0.00,5,0.6383,0.3806,used,182,51.7%,3.08,+0.2141,$0.42,63.8%,0.9%,257.0%,-2.5%,2351.8550,2351.5350,0.171765,0.0000,4m 57s,0
2026-04-16T02:25:05.237637+00:00,finished,60,ethereum,380405,1987948,0xdc1cb79bd4dc78a9b85fb626f6e0457f845bc220aaaddfe5e7f771e24647cf4c,"Ethereum Up or Down - April 15, 10:20PM-10:25PM ET",eth-updown-5m-1776306000,2026-04-16T02:20:00+00:00,2026-04-16T02:25:00+00:00,0s,$81.88,$81.88,$0.00,$0.00 / $3.00,$0.00 / $3.00,$0.00,$0.00,0,0.0483,0.3750,armed,182,51.7%,3.03,+0.2141,$0.00,63.8%,0.9%,252.8%,0.0%,2351.5350,2354.1450,0.146329,1.0000,4m 59s,0
2026-04-16T02:30:05.156639+00:00,finished,61,ethereum,380413,1987993,0xb7781e0bcc5a58dc9af9d77dc2d7f2533da80014f7769bbfae3ca00b63382a8f,"Ethereum Up or Down - April 15, 10:25PM-10:30PM ET",eth-updown-5m-1776306300,2026-04-16T02:25:00+00:00,2026-04-16T02:30:00+00:00,0s,$83.35,$83.35,$0.00,$0.00 / $3.00,$0.51 / $3.00,$1.48,$0.00,3,0.2220,0.3725,used,185,52.3%,3.03,+0.2140,$0.03,66.7%,0.9%,257.1%,1.8%,2354.3050,2361.0550,0.204285,1.0000,4m 58s,0
2026-04-16T02:35:05.180875+00:00,finished,62,ethereum,380418,1987996,0xb91bce9f6b458dc43ff8bfde81514e098372fe466dca4621250a9d3f3c27707c,"Ethereum Up or Down - April 15, 10:30PM-10:35PM ET",eth-updown-5m-1776306600,2026-04-16T02:30:00+00:00,2026-04-16T02:35:00+00:00,0s,$82.20,$82.20,$0.00,$0.00 / $3.00,$1.15 / $3.00,$-1.15,$0.00,5,0.9894,0.3825,used,190,50.8%,3.06,+0.2134,$0.94,64.4%,0.9%,246.6%,-1.4%,2361.0250,2361.2250,0.272005,1.0000,4m 59s,0
2026-04-16T02:40:05.214586+00:00,finished,63,ethereum,380435,1988031,0x9bba5f38027712acc7272031950e253e25112e24ceac808676ff8e44eb85d7dc,"Ethereum Up or Down - April 15, 10:35PM-10:40PM ET",eth-updown-5m-1776306900,2026-04-16T02:35:00+00:00,2026-04-16T02:40:00+00:00,0s,$82.59,$82.59,$0.00,$0.00 / $3.00,$0.61 / $3.00,$0.38,$0.00,2,0.2046,0.3796,used,192,51.1%,3.05,+0.2132,$0.06,65.2%,0.8%,244.8%,0.5%,2361.4150,2365.6050,0.213041,1.0000,4m 59s,0
2026-04-16T02:45:05.207790+00:00,finished,64,ethereum,380442,1988038,0x4fe805990cd5db05342209913a3f5b32b5ef470a2d203ba80f97acbfb681e9f9,"Ethereum Up or Down - April 15, 10:40PM-10:45PM ET",eth-updown-5m-1776307200,2026-04-16T02:40:00+00:00,2026-04-16T02:45:00+00:00,0s,$82.26,$82.26,$0.00,$0.00 / $3.00,$0.33 / $3.00,$-0.33,$0.00,3,0.2072,0.3770,used,195,50.3%,3.05,+0.2125,$0.06,64.5%,0.8%,239.2%,-0.4%,2365.6050,2368.7950,0.190858,1.0000,4m 59s,0
2026-04-16T02:50:06.030071+00:00,finished,65,ethereum,380451,1988050,0x858d54c28875b43b21b42f517b4199cecf48b6830cb08ab86b42bed1ae6c3ed4,"Ethereum Up or Down - April 15, 10:45PM-10:50PM ET",eth-updown-5m-1776307500,2026-04-16T02:45:00+00:00,2026-04-16T02:50:00+00:00,0s,$82.74,$82.74,$0.00,$0.00 / $3.00,$0.52 / $3.00,$0.48,$0.00,1,0.1555,0.3735,used,196,50.5%,3.02,+0.2119,$0.00,65.5%,0.8%,238.1%,0.6%,2368.9250,2359.5950,0.235806,0.0000,4m 59s,0
2026-04-16T02:55:05.789921+00:00,finished,66,ethereum,380466,1988064,0xb5bf3ffaa39620dcb33caea33e4bf0b1deb2f2b78a5d0d6c7271d726f0737764,"Ethereum Up or Down - April 15, 10:50PM-10:55PM ET",eth-updown-5m-1776307800,2026-04-16T02:50:00+00:00,2026-04-16T02:55:00+00:00,0s,$83.31,$83.31,$0.00,$0.00 / $3.00,$0.44 / $3.00,$0.56,$0.00,1,0.1569,0.3703,used,197,50.8%,2.98,+0.2114,$0.01,66.6%,0.8%,237.5%,0.7%,2359.6550,2357.3750,0.147488,0.0000,4m 57s,0
2026-04-16T03:00:05.181012+00:00,finished,67,ethereum,380480,1988078,0xf5433cf2ab9fe694f9669351f43a194db46fbc38a73b7b6625800a094aa095d6,"Ethereum Up or Down - April 15, 10:55PM-11:00PM ET",eth-updown-5m-1776308100,2026-04-16T02:55:00+00:00,2026-04-16T03:00:00+00:00,0s,$87.41,$87.41,$0.00,$0.00 / $3.00,$0.91 / $3.00,$4.10,$0.00,7,0.9894,0.3795,used,204,51.8%,3.04,+0.2200,$0.83,74.8%,0.9%,255.1%,4.9%,2357.3750,2356.7250,0.141703,0.0000,4m 59s,0
2026-04-16T03:05:05.165959+00:00,finished,68,ethereum,380487,1988115,0x5fc499afc47ae0fb88971eb8278a9458c2d5e278b207c8e1f02f46063c8f4124,"Ethereum Up or Down - April 15, 11:00PM-11:05PM ET",eth-updown-5m-1776308400,2026-04-16T03:00:00+00:00,2026-04-16T03:05:00+00:00,0s,$87.78,$87.78,$0.00,$0.00 / $3.00,$0.63 / $3.00,$0.37,$0.00,1,0.1661,0.3764,used,205,52.1%,3.01,+0.2194,$0.02,75.6%,0.9%,253.1%,0.4%,2356.8150,2360.6600,0.149093,1.0000,4m 59s,0
2026-04-16T03:10:05.207798+00:00,finished,69,ethereum,380501,1988135,0xa2f45634fade181acac5a561712eacc37d29704482dfe1caf3ae8772d75dab66,"Ethereum Up or Down - April 15, 11:05PM-11:10PM ET",eth-updown-5m-1776308700,2026-04-16T03:05:00+00:00,2026-04-16T03:10:00+00:00,0s,$85.41,$85.41,$0.00,$0.00 / $3.00,$2.38 / $3.00,$-2.36,$0.00,6,0.3329,0.3757,used,211,50.8%,3.06,+0.2187,$0.98,70.8%,0.8%,238.2%,-2.7%,2360.6150,2356.8950,0.159727,0.0000,4m 59s,0
2026-04-16T03:15:05.805417+00:00,finished,70,ethereum,380510,1988143,0xb35019fceb86b3243f4bd6c72f3649a569613c08214d20ffb012cb4eccff0e2d,"Ethereum Up or Down - April 15, 11:10PM-11:15PM ET",eth-updown-5m-1776309000,2026-04-16T03:10:00+00:00,2026-04-16T03:15:00+00:00,0s,$85.02,$85.02,$0.00,$0.00 / $3.00,$0.39 / $3.00,$-0.39,$0.00,1,0.1583,0.3726,used,212,50.5%,3.03,+0.2184,$0.08,70.0%,0.8%,232.9%,-0.5%,2357.7250,2358.8150,0.161417,1.0000,4m 58s,0
2026-04-16T03:20:05.812282+00:00,finished,71,ethereum,380523,1988170,0xacb56af510662b37e084ac8a70404980db7c7fdfe32380cc8a4701e3858f7f99,"Ethereum Up or Down - April 15, 11:15PM-11:20PM ET",eth-updown-5m-1776309300,2026-04-16T03:15:00+00:00,2026-04-16T03:20:00+00:00,0s,$84.80,$84.80,$0.00,$0.00 / $3.00,$0.22 / $3.00,$-0.22,$0.00,1,0.1852,0.3700,used,213,50.2%,3.00,+0.2179,$0.01,69.6%,0.8%,228.6%,-0.3%,2359.0750,2363.2850,0.162739,1.0000,4m 59s,0
2026-04-16T03:25:05.197897+00:00,finished,72,ethereum,380526,1988173,0x0ed34c0cc5ea1785b41e9c5a7b410725a85d5d586b5f033a34f7ff7a917621c4,"Ethereum Up or Down - April 15, 11:20PM-11:25PM ET",eth-updown-5m-1776309600,2026-04-16T03:20:00+00:00,2026-04-16T03:25:00+00:00,0s,$84.39,$84.39,$0.00,$0.00 / $3.00,$1.41 / $3.00,$-0.41,$0.00,5,0.2304,0.3680,used,218,49.5%,3.03,+0.2173,$0.26,68.8%,0.8%,223.5%,-0.5%,2363.2850,2364.0250,0.127558,1.0000,4m 58s,0
2026-04-16T03:30:05.207068+00:00,finished,73,ethereum,380539,1988199,0x6e9ba4cd42a2412a824bfab5486d98ae8ee7792d1b32f408d83ea007461444e5,"Ethereum Up or Down - April 15, 11:25PM-11:30PM ET",eth-updown-5m-1776309900,2026-04-16T03:25:00+00:00,2026-04-16T03:30:00+00:00,0s,$84.39,$84.39,$0.00,$0.00 / $3.00,$0.00 / $3.00,$0.00,$0.00,0,0.0936,0.3643,armed,218,49.5%,2.99,+0.2173,$0.00,68.8%,0.8%,220.4%,0.0%,2364.0250,2361.5150,0.139340,0.0000,4m 59s,0
2026-04-16T03:35:05.184203+00:00,finished,74,ethereum,380552,1988214,0xabb58d3ed957d23cf4cea07492fda0a60dc670dc931efa0076161ad41a811b8c,"Ethereum Up or Down - April 15, 11:30PM-11:35PM ET",eth-updown-5m-1776310200,2026-04-16T03:30:00+00:00,2026-04-16T03:35:00+00:00,0s,$83.90,$83.90,$0.00,$0.00 / $3.00,$0.50 / $3.00,$-0.50,$0.00,1,0.1996,0.3621,used,219,49.3%,2.96,+0.2170,$0.05,67.8%,0.7%,215.2%,-0.6%,2361.5150,2358.8150,0.160140,0.0000,4m 59s,0
2026-04-16T03:40:05.368831+00:00,finished,75,ethereum,380560,1988245,0xe17ee2d6453b94ae301c6a47ea7e63e96787aca0f3b6f3e714b75b893ffefe48,"Ethereum Up or Down - April 15, 11:35PM-11:40PM ET",eth-updown-5m-1776310500,2026-04-16T03:35:00+00:00,2026-04-16T03:40:00+00:00,0s,$84.26,$84.26,$0.00,$0.00 / $3.00,$0.63 / $3.00,$0.37,$0.00,1,0.1241,0.3589,used,220,49.5%,2.93,+0.2165,$0.03,68.5%,0.7%,214.0%,0.4%,2358.8150,2361.1550,0.102626,1.0000,5m 00s,0
2026-04-16T03:45:05.604627+00:00,finished,76,ethereum,380567,1988249,0xed2bb90208f387cffaaf3ebcc128781afd707669da0c7855e9f63f10a3bd65e5,"Ethereum Up or Down - April 15, 11:40PM-11:45PM ET",eth-updown-5m-1776310800,2026-04-16T03:40:00+00:00,2026-04-16T03:45:00+00:00,0s,$83.40,$83.40,$0.00,$0.00 / $3.00,$1.75 / $3.00,$-0.86,$0.00,8,0.6454,0.3627,used,228,49.1%,3.00,+0.2227,$0.41,66.8%,0.7%,207.3%,-1.0%,2361.1550,2361.4150,0.110765,1.0000,4m 59s,0
2026-04-16T03:50:05.383857+00:00,finished,77,ethereum,380586,1988269,0x878d4726c1eb15ccbbf445572f9d1517b247a04cf91bd39fd5495a77b9b8978a,"Ethereum Up or Down - April 15, 11:45PM-11:50PM ET",eth-updown-5m-1776311100,2026-04-16T03:45:00+00:00,2026-04-16T03:50:00+00:00,0s,$84.00,$84.00,$0.00,$0.00 / $3.00,$0.40 / $3.00,$0.60,$0.00,1,0.1649,0.3601,used,229,49.3%,2.97,+0.2222,$0.23,68.0%,0.7%,207.3%,0.7%,2361.4150,2359.9850,0.136789,0.0000,4m 59s,0
2026-04-16T03:55:05.427113+00:00,finished,78,ethereum,380592,1988275,0x47862032a11f0f183e557978bec856d6713988090410ee712d49efc5707a3b24,"Ethereum Up or Down - April 15, 11:50PM-11:55PM ET",eth-updown-5m-1776311400,2026-04-16T03:50:00+00:00,2026-04-16T03:55:00+00:00,0s,$87.46,$87.46,$0.00,$0.00 / $3.00,$1.54 / $3.00,$3.46,$0.00,5,0.6733,0.3641,used,234,50.5%,3.00,+0.2247,$1.12,74.9%,0.8%,219.8%,4.1%,2360.2350,2361.0550,0.125828,1.0000,4m 58s,0
2026-04-16T04:00:05.231090+00:00,finished,79,ethereum,380616,1988347,0x93cbd9a231bae18a4839cb28caa22aef28ffb0988a06634250ae693571f2bb01,"Ethereum Up or Down - April 15, 11:55PM-12:00AM ET",eth-updown-5m-1776311700,2026-04-16T03:55:00+00:00,2026-04-16T04:00:00+00:00,0s,$87.46,$87.46,$0.00,$0.00 / $3.00,$0.00 / $3.00,$0.00,$0.00,0,0.0951,0.3607,armed,234,50.5%,2.96,+0.2247,$0.00,74.9%,0.8%,217.0%,0.0%,2361.0550,2357.4150,0.094538,0.0000,4m 59s,1
2026-04-16T04:05:05.206424+00:00,finished,80,ethereum,380676,1988837,0x86b80febf989b259ec1d04b7215fb5aeaef6d400e80b896d41c45e286301e262,"Ethereum Up or Down - April 16, 12:00AM-12:05AM ET",eth-updown-5m-1776312000,2026-04-16T04:00:00+00:00,2026-04-16T04:05:00+00:00,0s,$85.60,$85.60,$0.00,$0.00 / $3.00,$1.90 / $3.00,$-1.86,$0.00,8,0.2448,0.3593,used,242,49.1%,3.02,+0.2239,$0.09,71.2%,0.7%,206.7%,-2.1%,2357.8000,2357.3350,0.124861,0.0000,4m 58s,0
2026-04-16T04:10:05.447530+00:00,finished,81,ethereum,380687,1988852,0x479ee6a9f58cc04f59e7e15f2e636d69f1d55933f98664f4128cd6946528634c,"Ethereum Up or Down - April 16, 12:05AM-12:10AM ET",eth-updown-5m-1776312300,2026-04-16T04:05:00+00:00,2026-04-16T04:10:00+00:00,0s,$86.60,$86.60,$0.00,$0.00 / $3.00,$1.00 / $3.00,$1.00,$0.00,2,0.2163,0.3575,used,244,49.6%,3.01,+0.2233,$0.09,73.2%,0.7%,208.3%,1.2%,2356.5100,2358.5950,0.172322,1.0000,5m 00s,0
2026-04-16T04:15:05.266671+00:00,finished,82,ethereum,380693,1988855,0x721122e930244408afdddde6782166acebeaa5d70b212f8d08a4a1e72c3c7bcf,"Ethereum Up or Down - April 16, 12:10AM-12:15AM ET",eth-updown-5m-1776312600,2026-04-16T04:10:00+00:00,2026-04-16T04:15:00+00:00,0s,$86.42,$86.42,$0.00,$0.00 / $3.00,$0.18 / $3.00,$-0.18,$0.00,1,0.1620,0.3551,used,245,49.3%,2.99,+0.2229,$0.17,72.8%,0.7%,205.0%,-0.2%,2358.6850,2359.1350,0.149900,1.0000,4m 58s,0
2026-04-16T04:20:05.427038+00:00,finished,83,ethereum,380698,1988876,0x76d1853a01004fafb2e80748ac54251528d6102471152cd403fd164699f43c88,"Ethereum Up or Down - April 16, 12:15AM-12:20AM ET",eth-updown-5m-1776312900,2026-04-16T04:15:00+00:00,2026-04-16T04:20:00+00:00,0s,$89.52,$89.52,$0.00,$0.00 / $3.00,$1.90 / $3.00,$3.10,$0.00,5,0.4317,0.3560,used,250,50.4%,3.01,+0.2233,$1.43,79.0%,0.7%,215.0%,3.6%,2359.2400,2361.0150,0.145689,1.0000,4m 59s,0
2026-04-16T04:25:05.603555+00:00,finished,84,ethereum,380716,1988893,0xf79fef421163e3a4758374ab89072842f4249fc258a0fb4273709765f33a323a,"Ethereum Up or Down - April 16, 12:20AM-12:25AM ET",eth-updown-5m-1776313200,2026-04-16T04:20:00+00:00,2026-04-16T04:25:00+00:00,0s,$90.01,$90.01,$0.00,$0.00 / $3.00,$0.52 / $3.00,$0.48,$0.00,1,0.1905,0.3541,used,251,50.6%,2.99,+0.2228,$0.01,80.0%,0.7%,214.3%,0.5%,2361.0550,2357.9950,0.125139,0.0000,4m 59s,0
2026-04-16T04:30:05.362060+00:00,finished,85,ethereum,380729,1988974,0x2efaeba5528b73d62347cc5072531c14ab1ad1f3fb83e1a89fe00ef51d381ab2,"Ethereum Up or Down - April 16, 12:25AM-12:30AM ET",eth-updown-5m-1776313500,2026-04-16T04:25:00+00:00,2026-04-16T04:30:00+00:00,0s,$90.40,$90.40,$0.00,$0.00 / $3.00,$0.72 / $3.00,$0.39,$0.00,3,0.2096,0.3524,used,254,50.6%,2.99,+0.2222,$0.15,80.8%,0.7%,213.2%,0.4%,2357.9950,2358.9950,0.090360,1.0000,4m 59s,0
2026-04-16T04:35:05.170494+00:00,finished,86,ethereum,380731,1988977,0x05b9071f31435fafa2b4ff3377ea1aa7aab75891aee7778d38f33a418f3bceb4,"Ethereum Up or Down - April 16, 12:30AM-12:35AM ET",eth-updown-5m-1776313800,2026-04-16T04:30:00+00:00,2026-04-16T04:35:00+00:00,0s,$90.21,$90.21,$0.00,$0.00 / $3.00,$0.19 / $3.00,$-0.19,$0.00,1,0.1646,0.3502,used,255,50.4%,2.97,+0.2218,$0.02,80.4%,0.7%,210.1%,-0.2%,2359.0750,2358.5350,0.158551,0.0000,4m 58s,0
2026-04-16T04:40:05.367947+00:00,finished,87,ethereum,380754,1989056,0xc6c1eed5bc64552b270249779f658be1c7718fd3a9a6ef8ab0643cb6cc06c302,"Ethereum Up or Down - April 16, 12:35AM-12:40AM ET",eth-updown-5m-1776314100,2026-04-16T04:35:00+00:00,2026-04-16T04:40:00+00:00,0s,$89.90,$89.90,$0.00,$0.00 / $3.00,$0.31 / $3.00,$-0.31,$0.00,1,0.1199,0.3475,used,256,50.2%,2.94,+0.2214,$0.01,79.8%,0.7%,206.5%,-0.3%,2358.5350,2361.0950,0.102777,1.0000,5m 00s,0
2026-04-16T04:45:05.380866+00:00,finished,88,ethereum,380788,1989090,0x6a47fa76556d558f0ff28e5ce9d75c8d6c6e25afd325c4629bc0fe6f94c4ad1d,"Ethereum Up or Down - April 16, 12:40AM-12:45AM ET",eth-updown-5m-1776314400,2026-04-16T04:40:00+00:00,2026-04-16T04:45:00+00:00,0s,$88.57,$88.57,$0.00,$0.00 / $3.00,$1.36 / $3.00,$-1.33,$0.00,6,0.2825,0.3468,used,262,49.2%,2.98,+0.2208,$0.06,77.1%,0.7%,199.3%,-1.5%,2361.1150,2361.9550,0.159206,1.0000,4m 58s,0
2026-04-16T04:50:05.207617+00:00,finished,89,ethereum,380831,1989153,0x1edcb005892f8b87c410dc329e63655294b1ac4c84c7c57ebffbd6e75036cbbb,"Ethereum Up or Down - April 16, 12:45AM-12:50AM ET",eth-updown-5m-1776314700,2026-04-16T04:45:00+00:00,2026-04-16T04:50:00+00:00,0s,$87.77,$87.77,$0.00,$0.00 / $3.00,$0.79 / $3.00,$-0.79,$0.00,3,0.3565,0.3469,used,265,48.6%,2.98,+0.2203,$0.01,75.5%,0.7%,194.2%,-0.9%,2362.1350,2354.7950,0.395737,0.0000,4m 59s,0
2026-04-16T04:55:05.379987+00:00,finished,90,ethereum,380841,1989165,0x5626726f7c2476039b38fc0ec80968a3a400b361bbdd44297a560dc7a005c8c3,"Ethereum Up or Down - April 16, 12:50AM-12:55AM ET",eth-updown-5m-1776315000,2026-04-16T04:50:00+00:00,2026-04-16T04:55:00+00:00,0s,$86.21,$86.21,$0.00,$0.00 / $3.00,$1.57 / $3.00,$-1.57,$0.00,5,0.3141,0.3465,used,270,47.6%,3.00,+0.2197,$0.12,72.4%,0.6%,186.3%,-1.8%,2354.4950,2355.1150,0.191222,1.0000,4m 59s,0
2026-04-16T05:00:05.658120+00:00,finished,91,ethereum,380855,1989177,0xc9a581148a368ebd90f8a23adfeb190094c83c27f27e199bfcfbfd054363c8bc,"Ethereum Up or Down - April 16, 12:55AM-1:00AM ET",eth-updown-5m-1776315300,2026-04-16T04:55:00+00:00,2026-04-16T05:00:00+00:00,0s,$84.18,$84.18,$0.00,$0.00 / $3.00,$2.02 / $3.00,$-2.02,$0.00,5,0.4013,0.3471,used,275,46.7%,3.02,+0.2192,$0.82,68.4%,0.6%,176.8%,-2.3%,2355.1150,2354.1350,0.120890,0.0000,5m 00s,0
2026-04-16T05:05:05.466084+00:00,finished,92,ethereum,380864,1989220,0x68fa7824f0ed9fb650d5be51fb673e7b967ac03fa535796339fe2bcd3aab87ca,"Ethereum Up or Down - April 16, 1:00AM-1:05AM ET",eth-updown-5m-1776315600,2026-04-16T05:00:00+00:00,2026-04-16T05:05:00+00:00,0s,$84.23,$84.23,$0.00,$0.00 / $3.00,$0.95 / $3.00,$0.05,$0.00,2,0.2069,0.3456,used,277,46.7%,3.01,+0.2187,$0.02,68.5%,0.6%,175.1%,0.1%,2354.1350,2354.9450,0.148579,1.0000,4m 58s,0
2026-04-16T05:10:05.717751+00:00,finished,93,ethereum,380877,1989236,0x0285ccc96c718ff6a14522bee7c32fc819d46362d3dc575f3da91c24be2a44a6,"Ethereum Up or Down - April 16, 1:05AM-1:10AM ET",eth-updown-5m-1776315900,2026-04-16T05:05:00+00:00,2026-04-16T05:10:00+00:00,0s,$82.40,$82.40,$0.00,$0.00 / $3.00,$1.87 / $3.00,$-1.83,$0.00,6,0.2694,0.3448,used,283,45.8%,3.04,+0.2183,$0.04,64.8%,0.6%,166.5%,-2.2%,2354.9450,2351.6950,0.140516,0.0000,5m 00s,0
2026-04-16T05:15:05.380107+00:00,finished,94,ethereum,380885,1989244,0x66c4d530ac4ed47d2a92379561c43595508a678bbd853ad0023bf3c2830dba02,"Ethereum Up or Down - April 16, 1:10AM-1:15AM ET",eth-updown-5m-1776316200,2026-04-16T05:10:00+00:00,2026-04-16T05:15:00+00:00,0s,$82.19,$82.19,$0.00,$0.00 / $3.00,$0.21 / $3.00,$-0.21,$0.00,1,0.1054,0.3422,used,284,45.7%,3.02,+0.2179,$0.03,64.4%,0.6%,163.9%,-0.3%,2351.6850,2352.7850,0.111925,1.0000,4m 58s,0
2026-04-16T05:20:05.152880+00:00,finished,95,ethereum,380902,1989273,0xf797dc06c9c27d9e5c611e8965e744770fb69cc8be759caa895f85f3b106c7be,"Ethereum Up or Down - April 16, 1:15AM-1:20AM ET",eth-updown-5m-1776316500,2026-04-16T05:15:00+00:00,2026-04-16T05:20:00+00:00,0s,$82.72,$82.72,$0.00,$0.00 / $3.00,$0.47 / $3.00,$0.53,$0.00,1,0.1283,0.3400,used,285,45.9%,3.00,+0.2175,$0.06,65.4%,0.6%,164.2%,0.7%,2352.8550,2354.0650,0.103002,1.0000,4m 59s,0
2026-04-16T05:25:05.199701+00:00,finished,96,ethereum,380908,1989279,0xef3b159f67cd97120a01e09e2cf2a94b74406ab2651000ef5247e0ad7373282f,"Ethereum Up or Down - April 16, 1:20AM-1:25AM ET",eth-updown-5m-1776316800,2026-04-16T05:20:00+00:00,2026-04-16T05:25:00+00:00,0s,$83.06,$83.06,$0.00,$0.00 / $3.00,$0.66 / $3.00,$0.34,$0.00,1,0.1441,0.3380,used,286,46.1%,2.98,+0.2171,$0.02,66.1%,0.6%,163.7%,0.4%,2354.0550,2356.0550,0.071735,1.0000,4m 58s,0
2026-04-16T05:30:05.217125+00:00,finished,97,ethereum,380914,1989335,0x522a013629de6908cec4f83d977f4e24ba0cbe9b464ddea2b7cfc570a3dfd1cb,"Ethereum Up or Down - April 16, 1:25AM-1:30AM ET",eth-updown-5m-1776317100,2026-04-16T05:25:00+00:00,2026-04-16T05:30:00+00:00,0s,$84.44,$84.44,$0.00,$0.00 / $3.00,$2.59 / $3.00,$1.38,$0.00,6,0.3644,0.3382,used,292,46.9%,3.01,+0.2167,$0.03,68.9%,0.6%,166.9%,1.7%,2356.0550,2359.0150,0.146265,1.0000,4m 59s,0
2026-04-16T05:35:05.147092+00:00,finished,98,ethereum,380919,1989341,0x19446931d89633a51c8f985d4252f842ad367bc5bd24ef175c87d3a5ed3b9625,"Ethereum Up or Down - April 16, 1:30AM-1:35AM ET",eth-updown-5m-1776317400,2026-04-16T05:30:00+00:00,2026-04-16T05:35:00+00:00,0s,$83.62,$83.62,$0.00,$0.00 / $3.00,$0.82 / $3.00,$-0.82,$0.00,5,0.5926,0.3408,used,297,46.0%,3.03,+0.2170,$0.25,67.2%,0.6%,162.4%,-1.0%,2359.0850,2360.4250,0.138944,1.0000,4m 58s,0
2026-04-16T05:40:05.699122+00:00,finished,99,ethereum,380938,1989378,0x5ea05d50fd3a4d5e2f28b91e8b917ebcec444405bdbe6075135585b965b1332b,"Ethereum Up or Down - April 16, 1:35AM-1:40AM ET",eth-updown-5m-1776317700,2026-04-16T05:35:00+00:00,2026-04-16T05:40:00+00:00,0s,$83.17,$83.17,$0.00,$0.00 / $3.00,$0.45 / $3.00,$-0.45,$0.00,2,0.2047,0.3394,used,299,45.7%,3.02,+0.2166,$0.18,66.3%,0.6%,159.2%,-0.5%,2360.5600,2361.1650,0.163053,1.0000,5m 00s,0
2026-04-16T05:45:05.141849+00:00,finished,100,ethereum,380947,1989386,0xbfd91895e7c3efa3e153ee51d03446f4bfa26737e626c11a25590a79b5e4d294,"Ethereum Up or Down - April 16, 1:40AM-1:45AM ET",eth-updown-5m-1776318000,2026-04-16T05:40:00+00:00,2026-04-16T05:45:00+00:00,0s,$83.17,$83.17,$0.00,$0.00 / $3.00,$0.00 / $3.00,$0.00,$0.00,0,0.0912,0.3370,armed,299,45.7%,2.99,+0.2166,$0.00,66.3%,0.5%,157.6%,0.0%,2361.1650,2358.7250,0.104391,0.0000,4m 58s,0
2026-04-16T05:50:05.424648+00:00,finished,101,ethereum,380950,1989390,0xeb4b733db00a6568e8dac7df0c611fc42619b955cf0e0a036ed055a7fd4f078a,"Ethereum Up or Down - April 16, 1:45AM-1:50AM ET",eth-updown-5m-1776318300,2026-04-16T05:45:00+00:00,2026-04-16T05:50:00+00:00,0s,$81.05,$81.05,$0.00,$0.00 / $3.00,$2.14 / $3.00,$-2.12,$0.00,6,0.3467,0.3371,used,305,44.9%,3.02,+0.2164,$0.61,62.1%,0.5%,148.7%,-2.5%,2358.5450,2357.7350,0.087297,0.0000,5m 00s,0
2026-04-16T05:50:07.011079+00:00,started,102,ethereum,380966,1989405,0x66f1e2292866830d5fd8453f4906bb5dac7749fae7ee49c63c4d3f42f952c027,"Ethereum Up or Down - April 16, 1:50AM-1:55AM ET",eth-updown-5m-1776318600,2026-04-16T05:50:00+00:00,2026-04-16T05:55:00+00:00,4m 52s,$81.05,$81.05,$0.00,$0.00 / $3.00,$0.00 / $3.00,$0.00,$0.00,0,0.0000,0.3371,armed,305,44.9%,3.02,+0.2164,-,62.1%,0.5%,148.7%,0.0%,-,-,-,-,-,-
